year,make,model,transmission,color,interior,sellingprice,saledate
2015,Kia,Sorento,automatic,white,black,21500,Tue Dec 16 2014 12:30:00 GMT-0800 (PST)
2015,Kia,Sorento,automatic,white,beige,21500,Tue Dec 16 2014 12:30:00 GMT-0800 (PST)
2014,BMW,3 Series,automatic,gray,black,30000,Thu Jan 15 2015 04:30:00 GMT-0800 (PST)
2015,Volvo,S60,automatic,white,black,27750,Thu Jan 29 2015 04:30:00 GMT-0800 (PST)
2014,BMW,6 Series Gran Coupe,automatic,gray,black,67000,Thu Dec 18 2014 12:30:00 GMT-0800 (PST)
2015,Nissan,Altima,automatic,gray,black,10900,Tue Dec 30 2014 12:00:00 GMT-0800 (PST)
2014,BMW,M5,automatic,black,black,65000,Wed Dec 17 2014 12:30:00 GMT-0800 (PST)
2014,Chevrolet,Cruze,automatic,black,black,9800,Tue Dec 16 2014 13:00:00 GMT-0800 (PST)
2014,Audi,A4,automatic,white,black,32250,Thu Dec 18 2014 12:00:00 GMT-0800 (PST)
2014,Chevrolet,Camaro,automatic,red,black,17500,Tue Jan 20 2015 04:00:00 GMT-0800 (PST)
2014,Audi,A6,automatic,black,black,49750,Tue Dec 16 2014 12:30:00 GMT-0800 (PST)
2015,Kia,Optima,automatic,red,tan,17700,Tue Dec 16 2014 12:00:00 GMT-0800 (PST)
2015,Ford,Fusion,automatic,white,beige,12000,Tue Jan 13 2015 12:00:00 GMT-0800 (PST)
2015,Kia,Sorento,automatic,silver,black,21500,Tue Dec 16 2014 12:30:00 GMT-0800 (PST)
2014,Chevrolet,Cruze,automatic,blue,black,10600,Tue Dec 16 2014 12:00:00 GMT-0800 (PST)
2015,Nissan,Altima,automatic,black,black,14100,Tue Dec 23 2014 12:00:00 GMT-0800 (PST)
2014,Audi,Q5,automatic,white,black,40000,Thu Dec 18 2014 12:30:00 GMT-0800 (PST)
2014,Chevrolet,Camaro,automatic,black,black,17000,Tue Dec 30 2014 15:00:00 GMT-0800 (PST)
2014,BMW,6 Series,automatic,black,black,67200,Wed Dec 17 2014 12:30:00 GMT-0800 (PST)
2015,Chevrolet,Impala,automatic,silver,black,7200,Tue Jul 07 2015 09:30:00 GMT-0700 (PDT)
2014,BMW,5 Series,automatic,black,black,30000,Tue Feb 03 2015 04:30:00 GMT-0800 (PST)
2014,Chevrolet,Camaro,automatic,black,black,14700,Tue Dec 16 2014 12:00:00 GMT-0800 (PST)
2015,Audi,A3,automatic,gray,black,23750,Thu Dec 18 2014 12:30:00 GMT-0800 (PST)
2014,BMW,6 Series,automatic,black,black,65000,Tue Jan 06 2015 12:30:00 GMT-0800 (PST)
2015,Hyundai,Sonata,automatic,silver,gray,8500,Tue Dec 16 2014 13:00:00 GMT-0800 (PST)
2015,Volvo,XC70,automatic,brown,brown,32500,Thu Feb 26 2015 04:30:00 GMT-0800 (PST)
2015,Volvo,XC70,automatic,beige,beige,32500,Thu Feb 12 2015 04:30:00 GMT-0800 (PST)
2014,BMW,X5,automatic,gray,black,34000,Tue Dec 16 2014 13:00:00 GMT-0800 (PST)
2014,Chevrolet,Camaro,automatic,gray,black,19500,Thu Dec 18 2014 12:00:00 GMT-0800 (PST)
2014,Chevrolet,Cruze,automatic,gray,black,11500,Tue Dec 30 2014 12:30:00 GMT-0800 (PST)
2014,Audi,SQ5,automatic,white,black,47500,Thu Jan 29 2015 04:00:00 GMT-0800 (PST)
2015,Kia,Sorento,automatic,red,black,20750,Tue Dec 16 2014 12:30:00 GMT-0800 (PST)
2014,Audi,S5,automatic,black,black,44500,Thu Dec 18 2014 12:00:00 GMT-0800 (PST)
2015,Kia,Sorento,automatic,gray,black,21000,Tue Dec 16 2014 12:30:00 GMT-0800 (PST)
2015,Chevrolet,Suburban,automatic,black,black,59900,Thu Dec 18 2014 12:00:00 GMT-0800 (PST)
2014,BMW,M5,automatic,black,black,64250,Tue Jan 13 2015 04:30:00 GMT-0800 (PST)
2014,BMW,3 Series,automatic,white,black,27500,Thu Jan 15 2015 04:30:00 GMT-0800 (PST)
2014,Cadillac,ELR,automatic,gray,black,44000,Wed Feb 04 2015 04:30:00 GMT-0800 (PST)
2015,Hyundai,Sonata,automatic,silver,gray,10000,Thu Dec 18 2014 12:00:00 GMT-0800 (PST)
2014,BMW,6 Series,automatic,white,black,65000,Tue Jan 06 2015 04:30:00 GMT-0800 (PST)
2015,Volvo,V60,automatic,white,beige,30000,Thu Dec 18 2014 12:30:00 GMT-0800 (PST)
2014,BMW,X6,automatic,white,black,51700,Thu Dec 18 2014 12:30:00 GMT-0800 (PST)
2015,Volvo,V60,automatic,black,gray,30000,Thu Dec 18 2014 12:30:00 GMT-0800 (PST)
2014,Chevrolet,Cruze,automatic,silver,black,13000,Thu Jan 22 2015 03:30:00 GMT-0800 (PST)
2014,Acura,ILX,automatic,gray,black,21250,Thu Dec 18 2014 12:00:00 GMT-0800 (PST)
2015,Kia,Sorento,automatic,silver,black,20750,Tue Dec 16 2014 12:30:00 GMT-0800 (PST)
2015,Volvo,V60,automatic,silver,black,30000,Thu Dec 18 2014 12:30:00 GMT-0800 (PST)
2015,Nissan,Altima,automatic,gray,black,11600,Thu Dec 18 2014 12:00:00 GMT-0800 (PST)
2014,BMW,6 Series Gran Coupe,automatic,white,black,66100,Wed Dec 17 2014 12:30:00 GMT-0800 (PST)
2015,Nissan,Altima,automatic,black,black,11500,Tue Dec 30 2014 12:00:00 GMT-0800 (PST)
2015,Kia,K900,automatic,blue,black,40000,Tue Feb 17 2015 04:30:00 GMT-0800 (PST)
2015,Kia,Sorento,automatic,silver,gray,20500,Tue Dec 16 2014 12:30:00 GMT-0800 (PST)
2015,Chevrolet,Malibu,automatic,silver,black,9800,Wed Jan 14 2015 07:05:00 GMT-0800 (PST)
2015,Lexus,RX 350,automatic,white,black,38400,Tue Dec 30 2014 00:00:00 GMT-0800 (PST)
2015,Kia,Sorento,automatic,white,black,19300,Tue Dec 16 2014 12:00:00 GMT-0800 (PST)
2014,BMW,M5,automatic,gray,black,77250,Thu Dec 18 2014 12:00:00 GMT-0800 (PST)
2015,Kia,K900,automatic,white,gray,41000,Tue Jan 20 2015 04:30:00 GMT-0800 (PST)
2015,Audi,A3,automatic,white,black,17300,Tue Dec 23 2014 12:00:00 GMT-0800 (PST)
2015,Nissan,Versa,manual,purple,black,11000,Wed Dec 17 2014 12:30:00 GMT-0800 (PST)
2014,Chevrolet,Camaro,automatic,black,black,20600,Thu Dec 18 2014 12:00:00 GMT-0800 (PST)
2015,Hyundai,Elantra,automatic,silver,gray,10500,Tue Dec 16 2014 12:00:00 GMT-0800 (PST)
2015,Kia,Sorento,automatic,white,black,21250,Tue Dec 16 2014 12:30:00 GMT-0800 (PST)
2014,Chevrolet,Camaro,automatic,gray,black,19600,Thu Dec 18 2014 12:00:00 GMT-0800 (PST)
2015,Audi,A3,automatic,gray,black,25750,Thu Dec 18 2014 12:30:00 GMT-0800 (PST)
2014,BMW,6 Series,automatic,black,black,65000,Tue Jan 06 2015 12:30:00 GMT-0800 (PST)
2015,Nissan,Versa Note,automatic,red,black,9000,Tue Jan 13 2015 12:00:00 GMT-0800 (PST)
2014,Audi,A8,automatic,black,black,50000,Tue Dec 30 2014 12:30:00 GMT-0800 (PST)
2014,BMW,X1,automatic,white,black,26500,Thu Dec 18 2014 12:30:00 GMT-0800 (PST)
2014,BMW,,automatic,black,black,66000,Thu Dec 18 2014 12:30:00 GMT-0800 (PST)
2014,Chevrolet,Camaro,automatic,red,gray,13600,Tue Dec 16 2014 13:00:00 GMT-0800 (PST)
2015,Volvo,V60,automatic,silver,black,28000,Thu Feb 26 2015 04:30:00 GMT-0800 (PST)
2014,Chevrolet,Camaro,automatic,black,black,13000,Tue Jan 06 2015 13:00:00 GMT-0800 (PST)
2014,BMW,6 Series Gran Coupe,automatic,white,black,58000,Tue Dec 16 2014 12:30:00 GMT-0800 (PST)
2015,Kia,Sorento,automatic,silver,black,22250,Tue Dec 16 2014 12:30:00 GMT-0800 (PST)
2015,Kia,Sorento,automatic,white,black,22500,Tue Dec 16 2014 12:30:00 GMT-0800 (PST)
2014,Buick,Enclave,automatic,gray,black,24100,Tue Dec 30 2014 12:00:00 GMT-0800 (PST)
2014,BMW,M5,automatic,white,black,65000,Thu Dec 18 2014 12:30:00 GMT-0800 (PST)
2014,BMW,M5,automatic,white,black,65801,Tue Dec 23 2014 12:30:00 GMT-0800 (PST)
2014,Audi,TTS,automatic,silver,black,34250,Thu Dec 18 2014 12:00:00 GMT-0800 (PST)
2015,Hyundai,Elantra,automatic,red,gray,10600,Tue Jan 13 2015 13:00:00 GMT-0800 (PST)
2014,BMW,4 Series,automatic,white,black,39750,Tue Dec 16 2014 12:30:00 GMT-0800 (PST)
2015,Kia,Sorento,automatic,silver,black,21500,Tue Dec 16 2014 12:30:00 GMT-0800 (PST)
2014,Chevrolet,Cruze,automatic,black,black,13700,Wed Dec 17 2014 12:30:00 GMT-0800 (PST)
2014,Chevrolet,Cruze,automatic,blue,black,13200,Thu Jan 15 2015 03:30:00 GMT-0800 (PST)
2015,Kia,Sorento,automatic,gray,gray,20500,Tue Dec 16 2014 12:30:00 GMT-0800 (PST)
2015,Hyundai,Elantra,automatic,blue,gray,10000,Tue Dec 16 2014 12:00:00 GMT-0800 (PST)
2015,Hyundai,Elantra,automatic,silver,gray,13200,Wed Dec 17 2014 12:30:00 GMT-0800 (PST)
2014,Acura,MDX,automatic,white,gray,41500,Thu Dec 18 2014 12:00:00 GMT-0800 (PST)
2015,Ford,Fusion,automatic,white,black,12000,Wed Dec 17 2014 15:05:00 GMT-0800 (PST)
2014,BMW,6 Series,automatic,silver,black,67200,Wed Dec 17 2014 12:30:00 GMT-0800 (PST)
2014,Chevrolet,Cruze,automatic,silver,black,10000,Thu Dec 18 2014 12:00:00 GMT-0800 (PST)
2014,Chevrolet,Silverado 1500,automatic,black,black,30250,Wed Dec 17 2014 12:30:00 GMT-0800 (PST)
2014,Chevrolet,Cruze,automatic,silver,black,13600,Wed Dec 17 2014 12:30:00 GMT-0800 (PST)
2015,Kia,Sorento,automatic,burgundy,beige,21000,Tue Dec 16 2014 12:30:00 GMT-0800 (PST)
2014,Chevrolet,Cruze,automatic,red,black,3300,Tue Dec 16 2014 13:00:00 GMT-0800 (PST)
2015,Volvo,V60,automatic,white,beige,30000,Thu Dec 18 2014 12:30:00 GMT-0800 (PST)
2014,Chevrolet,Camaro,manual,white,black,18500,Tue Dec 16 2014 12:30:00 GMT-0800 (PST)
2015,Nissan,Altima,automatic,gray,black,9500,Tue Dec 30 2014 13:00:00 GMT-0800 (PST)
2015,Hyundai,Elantra,automatic,blue,gray,5800,Wed Dec 17 2014 15:05:00 GMT-0800 (PST)
2014,BMW,5 Series,automatic,white,black,46500,Thu Jan 15 2015 04:30:00 GMT-0800 (PST)
2014,BMW,6 Series,automatic,white,black,65000,Thu Dec 18 2014 12:30:00 GMT-0800 (PST)
2015,Kia,Sorento,automatic,white,black,21750,Tue Dec 16 2014 12:30:00 GMT-0800 (PST)
2014,Cadillac,SRX,automatic,white,black,30000,Tue Dec 23 2014 12:00:00 GMT-0800 (PST)
2014,BMW,X5,automatic,white,black,57250,Thu Dec 18 2014 12:30:00 GMT-0800 (PST)
2015,Hyundai,Elantra,automatic,silver,gray,9000,Tue Dec 16 2014 12:00:00 GMT-0800 (PST)
2014,Chevrolet,Silverado 1500,automatic,white,black,30000,Thu Dec 18 2014 12:00:00 GMT-0800 (PST)
2015,Kia,Sorento,automatic,burgundy,black,20500,Tue Dec 16 2014 12:30:00 GMT-0800 (PST)
2015,Kia,Sorento,automatic,purple,black,20750,Tue Dec 16 2014 12:30:00 GMT-0800 (PST)
2014,Acura,ILX,automatic,silver,gray,20400,Thu Dec 18 2014 12:00:00 GMT-0800 (PST)
2015,Kia,Sorento,automatic,gray,black,20750,Tue Dec 16 2014 12:30:00 GMT-0800 (PST)
2015,Volvo,V60,automatic,white,beige,30000,Thu Dec 18 2014 12:30:00 GMT-0800 (PST)
2014,Chevrolet,Camaro,automatic,black,black,10250,Tue Dec 16 2014 13:00:00 GMT-0800 (PST)
2014,Chevrolet,Cruze,automatic,gray,brown,12800,Thu Feb 12 2015 03:30:00 GMT-0800 (PST)
2015,Hyundai,Elantra,automatic,white,gray,6600,Tue Dec 16 2014 13:00:00 GMT-0800 (PST)
2013,Infiniti,G Coupe,automatic,white,black,25000,Thu Dec 18 2014 12:30:00 GMT-0800 (PST)
2013,Infiniti,G Sedan,automatic,black,black,27250,Thu Dec 18 2014 12:30:00 GMT-0800 (PST)
2013,Infiniti,G Sedan,automatic,white,black,22500,Thu Dec 18 2014 12:30:00 GMT-0800 (PST)
2013,Infiniti,G Coupe,automatic,black,black,26750,Thu Dec 18 2014 12:30:00 GMT-0800 (PST)
2013,Infiniti,G Coupe,automatic,black,beige,26500,Thu Dec 18 2014 12:30:00 GMT-0800 (PST)
2013,Infiniti,G Sedan,automatic,blue,black,23750,Thu Dec 18 2014 12:30:00 GMT-0800 (PST)
2013,Infiniti,G Sedan,automatic,white,black,24500,Thu Dec 18 2014 12:30:00 GMT-0800 (PST)
2013,Infiniti,FX,automatic,black,black,32000,Thu Dec 18 2014 12:30:00 GMT-0800 (PST)
2013,Infiniti,G Sedan,automatic,blue,black,21750,Wed Dec 17 2014 12:30:00 GMT-0800 (PST)
2013,Hyundai,Santa Fe,automatic,white,gray,27000,Tue Dec 16 2014 12:00:00 GMT-0800 (PST)
2013,Hyundai,Genesis,automatic,gray,black,27400,Tue Dec 16 2014 12:00:00 GMT-0800 (PST)
2013,Hyundai,Equus,automatic,gray,black,25000,Tue Jan 13 2015 12:00:00 GMT-0800 (PST)
2013,Hyundai,Elantra,automatic,red,beige,10700,Tue Dec 16 2014 12:00:00 GMT-0800 (PST)
2013,Hyundai,Santa Fe,automatic,white,brown,30800,Tue Dec 16 2014 12:00:00 GMT-0800 (PST)
2013,Hyundai,Elantra,automatic,silver,gray,11000,Wed Dec 17 2014 12:30:00 GMT-0800 (PST)
2013,Infiniti,G Coupe,automatic,gray,black,26250,Thu Dec 18 2014 12:30:00 GMT-0800 (PST)
2013,Hyundai,Elantra,automatic,silver,gray,8800,Tue Dec 16 2014 12:00:00 GMT-0800 (PST)
2013,Infiniti,G Sedan,automatic,white,gray,23250,Thu Dec 18 2014 12:30:00 GMT-0800 (PST)
2013,Infiniti,G Coupe,automatic,white,black,27000,Thu Dec 18 2014 12:30:00 GMT-0800 (PST)
2013,Hyundai,Sonata,automatic,silver,gray,11500,Wed Dec 17 2014 12:30:00 GMT-0800 (PST)
2013,Hyundai,Elantra,manual,white,beige,12300,Tue Dec 16 2014 12:00:00 GMT-0800 (PST)
2013,Hyundai,Sonata,automatic,blue,gray,11400,Wed Dec 17 2014 12:30:00 GMT-0800 (PST)
2013,Hyundai,Elantra,automatic,black,beige,11750,Wed Dec 17 2014 12:15:00 GMT-0800 (PST)
2013,Hyundai,Sonata Hybrid,automatic,silver,gray,16500,Tue Jan 27 2015 04:30:00 GMT-0800 (PST)
2013,Infiniti,G Sedan,automatic,black,black,23500,Thu Dec 18 2014 12:30:00 GMT-0800 (PST)
2013,Hyundai,Sonata Hybrid,automatic,white,gray,18800,Tue Dec 16 2014 12:00:00 GMT-0800 (PST)
2013,Hyundai,Santa Fe,automatic,gray,gray,19200,Tue Dec 16 2014 12:00:00 GMT-0800 (PST)
2013,Infiniti,G Sedan,automatic,gray,black,22750,Thu Dec 18 2014 12:30:00 GMT-0800 (PST)
2013,Infiniti,G Sedan,automatic,gray,gray,23000,Thu Dec 18 2014 12:30:00 GMT-0800 (PST)
2013,Infiniti,G Sedan,automatic,silver,black,21000,Thu Dec 18 2014 12:30:00 GMT-0800 (PST)
2013,Infiniti,G Sedan,automatic,white,black,24750,Thu Dec 18 2014 12:30:00 GMT-0800 (PST)
2013,Infiniti,G Sedan,automatic,black,black,23000,Thu Dec 18 2014 12:30:00 GMT-0800 (PST)
2013,Hyundai,Sonata,automatic,gray,gray,13400,Wed Dec 17 2014 12:30:00 GMT-0800 (PST)
2013,Hyundai,Santa Fe,automatic,black,brown,26000,Tue Dec 16 2014 12:00:00 GMT-0800 (PST)
2013,Hyundai,Sonata,automatic,gray,gray,11900,Thu Dec 18 2014 11:30:00 GMT-0800 (PST)
2013,Hyundai,Sonata,automatic,black,beige,16200,Tue Jan 13 2015 04:30:00 GMT-0800 (PST)
2013,Hyundai,Elantra,automatic,gray,gray,11700,Tue Dec 16 2014 12:30:00 GMT-0800 (PST)
2013,Hyundai,Sonata Hybrid,automatic,black,beige,17700,Tue Dec 16 2014 12:00:00 GMT-0800 (PST)
2013,Hyundai,Elantra,automatic,gold,beige,6700,Tue Dec 16 2014 12:00:00 GMT-0800 (PST)
2013,Infiniti,G Sedan,automatic,white,black,25250,Thu Dec 18 2014 12:30:00 GMT-0800 (PST)
2013,Infiniti,G Sedan,automatic,white,gray,21000,Tue Dec 16 2014 12:30:00 GMT-0800 (PST)
2013,Infiniti,G Sedan,automatic,white,black,23000,Thu Dec 18 2014 12:30:00 GMT-0800 (PST)
2013,Infiniti,G Sedan,automatic,black,beige,22750,Thu Dec 18 2014 12:30:00 GMT-0800 (PST)
2013,Infiniti,G Sedan,automatic,black,beige,22000,Thu Dec 18 2014 12:30:00 GMT-0800 (PST)
2013,Infiniti,G Sedan,automatic,gray,black,21250,Wed Dec 17 2014 12:30:00 GMT-0800 (PST)
2013,Hyundai,Elantra,automatic,white,beige,11000,Wed Dec 17 2014 12:30:00 GMT-0800 (PST)
2013,Hyundai,Santa Fe,automatic,black,beige,24100,Tue Dec 16 2014 12:00:00 GMT-0800 (PST)
2013,Infiniti,G Sedan,automatic,white,beige,25000,Thu Dec 18 2014 12:30:00 GMT-0800 (PST)
2013,Infiniti,G Sedan,automatic,gray,black,24500,Thu Dec 18 2014 12:30:00 GMT-0800 (PST)
2013,Hyundai,Sonata,automatic,white,burgundy,18100,Tue Dec 16 2014 12:00:00 GMT-0800 (PST)
2013,Infiniti,G Sedan,automatic,black,black,22000,Thu Dec 18 2014 12:30:00 GMT-0800 (PST)
2013,Hyundai,Accent,automatic,black,beige,8100,Tue Dec 23 2014 12:00:00 GMT-0800 (PST)
2013,Hyundai,Veloster,automatic,white,black,16100,Tue Dec 16 2014 12:00:00 GMT-0800 (PST)
2013,Infiniti,G Coupe,automatic,gray,black,25500,Thu Dec 18 2014 12:30:00 GMT-0800 (PST)
2013,Hyundai,Accent,automatic,silver,gray,3500,Tue Dec 16 2014 13:00:00 GMT-0800 (PST)
2013,Hyundai,Elantra Coupe,automatic,black,black,16100,Tue Dec 16 2014 12:00:00 GMT-0800 (PST)
2013,Infiniti,G Coupe,automatic,white,black,26000,Thu Dec 18 2014 12:30:00 GMT-0800 (PST)
2013,Infiniti,G Sedan,automatic,black,black,25000,Thu Dec 18 2014 12:30:00 GMT-0800 (PST)
2013,Infiniti,G Sedan,automatic,blue,gray,23500,Thu Dec 18 2014 12:30:00 GMT-0800 (PST)
2013,Infiniti,G Sedan,automatic,gray,black,24750,Thu Dec 18 2014 12:30:00 GMT-0800 (PST)
2013,Infiniti,G Sedan,automatic,white,black,20250,Tue Dec 23 2014 12:30:00 GMT-0800 (PST)
2013,Hyundai,Sonata,automatic,white,tan,6500,Tue Dec 16 2014 13:00:00 GMT-0800 (PST)
2013,Infiniti,G Sedan,automatic,blue,black,22750,Thu Dec 18 2014 12:30:00 GMT-0800 (PST)
2013,Infiniti,G Sedan,automatic,white,beige,23500,Thu Dec 18 2014 12:30:00 GMT-0800 (PST)
2013,Infiniti,G Sedan,automatic,gray,black,18750,Tue Dec 23 2014 12:30:00 GMT-0800 (PST)
2013,Hyundai,Sonata,automatic,silver,gray,13200,Wed Dec 17 2014 12:30:00 GMT-0800 (PST)
2013,Infiniti,G Sedan,automatic,white,tan,20750,Tue Dec 23 2014 12:30:00 GMT-0800 (PST)
2013,Hyundai,Sonata Hybrid,automatic,silver,gray,18500,Tue Dec 16 2014 12:00:00 GMT-0800 (PST)
2013,Hyundai,Accent,automatic,black,black,11300,Tue Dec 16 2014 12:00:00 GMT-0800 (PST)
2013,Hyundai,Elantra,automatic,beige,beige,11800,Tue Dec 16 2014 12:30:00 GMT-0800 (PST)
2013,Infiniti,FX,automatic,gray,black,27250,Tue Dec 23 2014 12:30:00 GMT-0800 (PST)
2013,Hyundai,Elantra,automatic,gray,gray,8800,Tue Dec 16 2014 12:00:00 GMT-0800 (PST)
2013,Infiniti,G Sedan,automatic,white,black,23500,Thu Dec 18 2014 12:30:00 GMT-0800 (PST)
2013,Infiniti,G Sedan,automatic,gray,black,24500,Thu Dec 18 2014 12:30:00 GMT-0800 (PST)
2013,Hyundai,Accent,automatic,gray,beige,9400,Tue Dec 16 2014 12:30:00 GMT-0800 (PST)
2013,Hyundai,Azera,automatic,silver,black,20300,Tue Dec 16 2014 12:00:00 GMT-0800 (PST)
2013,Hyundai,Santa Fe,automatic,black,black,25800,Tue Dec 16 2014 12:00:00 GMT-0800 (PST)
2013,Hyundai,Elantra,automatic,gray,gray,7600,Tue Dec 16 2014 12:00:00 GMT-0800 (PST)
2013,Hyundai,Sonata Hybrid,automatic,white,tan,14800,Tue Dec 16 2014 12:00:00 GMT-0800 (PST)
2013,Infiniti,G Sedan,automatic,gray,beige,18250,Tue Dec 16 2014 12:30:00 GMT-0800 (PST)
2013,Hyundai,Elantra,automatic,gray,gray,8700,Thu Dec 18 2014 12:00:00 GMT-0800 (PST)
2013,Infiniti,G Coupe,automatic,black,black,21500,Thu Dec 18 2014 12:30:00 GMT-0800 (PST)
2013,Infiniti,G Coupe,automatic,black,black,22500,Tue Dec 16 2014 12:30:00 GMT-0800 (PST)
2013,Infiniti,G Sedan,automatic,blue,black,20500,Thu Dec 18 2014 12:30:00 GMT-0800 (PST)
2013,Infiniti,G Sedan,automatic,gray,black,21000,Thu Jan 15 2015 04:30:00 GMT-0800 (PST)
2013,Hyundai,Tucson,automatic,red,black,17500,Tue Dec 16 2014 12:00:00 GMT-0800 (PST)
2013,Infiniti,G Sedan,automatic,gray,black,23750,Thu Dec 18 2014 12:30:00 GMT-0800 (PST)
2013,Infiniti,G Sedan,automatic,gray,black,21000,Wed Dec 17 2014 12:30:00 GMT-0800 (PST)
2013,Hyundai,Sonata,automatic,white,tan,12700,Tue Dec 16 2014 12:30:00 GMT-0800 (PST)
2013,Hyundai,Elantra,automatic,black,gray,16500,Tue Dec 16 2014 12:00:00 GMT-0800 (PST)
2013,Hyundai,Azera,automatic,black,black,21400,Tue Dec 16 2014 12:00:00 GMT-0800 (PST)
2013,Infiniti,G Sedan,automatic,gray,gray,25750,Thu Dec 18 2014 12:30:00 GMT-0800 (PST)
2013,Infiniti,G Sedan,automatic,white,black,25000,Wed Dec 17 2014 12:30:00 GMT-0800 (PST)
2013,Infiniti,G Sedan,automatic,brown,black,22000,Thu Dec 18 2014 12:30:00 GMT-0800 (PST)
2013,Hyundai,Sonata Hybrid,automatic,white,beige,18200,Tue Dec 16 2014 12:00:00 GMT-0800 (PST)
2013,Infiniti,G Sedan,automatic,gray,gray,18000,Tue Dec 16 2014 12:30:00 GMT-0800 (PST)
2013,Hyundai,Azera,automatic,silver,beige,22200,Tue Dec 16 2014 12:00:00 GMT-0800 (PST)
2013,Infiniti,G Coupe,automatic,white,black,26250,Thu Dec 18 2014 12:30:00 GMT-0800 (PST)
2013,Hyundai,Sonata,automatic,blue,gray,11900,Wed Dec 31 2014 12:30:00 GMT-0800 (PST)
2013,Infiniti,G Sedan,automatic,white,black,23000,Thu Dec 18 2014 12:30:00 GMT-0800 (PST)
2013,Hyundai,Genesis,automatic,white,black,27500,Tue Dec 16 2014 12:00:00 GMT-0800 (PST)
2013,Hyundai,Equus,automatic,white,beige,25000,Tue Dec 16 2014 12:00:00 GMT-0800 (PST)
2013,Infiniti,G Sedan,automatic,white,beige,26500,Thu Dec 18 2014 12:30:00 GMT-0800 (PST)
2013,Hyundai,Sonata,automatic,blue,gray,12200,Thu Dec 18 2014 11:30:00 GMT-0800 (PST)
2013,Hyundai,Elantra,automatic,gray,gray,8700,Tue Dec 16 2014 12:00:00 GMT-0800 (PST)
2013,Hyundai,Elantra,automatic,red,beige,10800,Tue Dec 16 2014 12:00:00 GMT-0800 (PST)
2013,Infiniti,G Sedan,automatic,gray,black,21750,Thu Dec 18 2014 12:30:00 GMT-0800 (PST)
2013,Infiniti,G Sedan,automatic,gray,black,23500,Thu Dec 18 2014 12:30:00 GMT-0800 (PST)
2013,Infiniti,G Sedan,automatic,gray,gray,22000,Thu Dec 18 2014 12:30:00 GMT-0800 (PST)
2013,Hyundai,Elantra,automatic,red,beige,4500,Tue Dec 16 2014 13:00:00 GMT-0800 (PST)
2013,Infiniti,G Sedan,automatic,white,black,23500,Tue Dec 23 2014 12:30:00 GMT-0800 (PST)
2013,Hyundai,Veloster,automatic,black,black,16300,Tue Dec 16 2014 12:00:00 GMT-0800 (PST)
2013,Infiniti,G Sedan,automatic,gray,black,22750,Thu Dec 18 2014 12:30:00 GMT-0800 (PST)
2013,Infiniti,G Sedan,automatic,silver,black,24500,Thu Dec 18 2014 12:30:00 GMT-0800 (PST)
2013,Hyundai,Sonata Hybrid,automatic,silver,gray,14900,Tue Dec 16 2014 12:00:00 GMT-0800 (PST)
2013,Infiniti,G Sedan,automatic,black,black,21000,Thu Dec 18 2014 12:30:00 GMT-0800 (PST)
2013,Infiniti,G Sedan,automatic,black,black,24750,Thu Dec 18 2014 12:30:00 GMT-0800 (PST)
2013,Hyundai,Sonata,automatic,gray,gray,8400,Tue Dec 16 2014 12:00:00 GMT-0800 (PST)
2013,Infiniti,G Coupe,automatic,gray,black,23500,Thu Dec 18 2014 12:30:00 GMT-0800 (PST)
2013,Infiniti,G Sedan,automatic,white,beige,21000,Thu Dec 18 2014 12:30:00 GMT-0800 (PST)
2013,Hyundai,Elantra,automatic,red,beige,9400,Wed Dec 17 2014 15:05:00 GMT-0800 (PST)
2013,Infiniti,G Coupe,automatic,white,gray,26000,Thu Dec 18 2014 12:30:00 GMT-0800 (PST)
2013,Hyundai,Azera,automatic,black,black,21400,Tue Dec 16 2014 12:00:00 GMT-0800 (PST)
2013,Hyundai,Sonata Hybrid,automatic,red,beige,17100,Tue Dec 16 2014 12:00:00 GMT-0800 (PST)
2013,Infiniti,G Sedan,automatic,gray,black,22250,Thu Dec 18 2014 12:30:00 GMT-0800 (PST)
2013,Hyundai,Accent,automatic,white,beige,7800,Tue Dec 16 2014 12:00:00 GMT-0800 (PST)
2013,Infiniti,G Sedan,automatic,gray,black,21000,Thu Dec 18 2014 12:30:00 GMT-0800 (PST)
2013,Hyundai,Accent,automatic,gray,black,11900,Tue Dec 16 2014 12:00:00 GMT-0800 (PST)
2013,Hyundai,Elantra,automatic,gray,beige,11600,Tue Dec 16 2014 12:30:00 GMT-0800 (PST)
2013,Infiniti,G Sedan,automatic,white,black,23000,Wed Dec 17 2014 12:30:00 GMT-0800 (PST)
2013,Hyundai,Sonata,automatic,silver,gray,9750,Wed Dec 17 2014 12:15:00 GMT-0800 (PST)
2013,Hyundai,Sonata,automatic,white,beige,12000,Thu Dec 18 2014 11:30:00 GMT-0800 (PST)
2013,Infiniti,G Coupe,automatic,gray,black,26500,Wed Dec 17 2014 12:30:00 GMT-0800 (PST)
2013,Infiniti,G Sedan,automatic,white,black,25250,Thu Dec 18 2014 12:30:00 GMT-0800 (PST)
2013,Infiniti,G Sedan,automatic,gray,black,24000,Thu Dec 18 2014 12:30:00 GMT-0800 (PST)
2013,Hyundai,Sonata,automatic,gray,gray,17200,Tue Feb 17 2015 04:00:00 GMT-0800 (PST)
2013,Infiniti,G Coupe,automatic,gray,black,25000,Thu Dec 18 2014 12:30:00 GMT-0800 (PST)
2013,Hyundai,Genesis,automatic,silver,black,22200,Tue Dec 16 2014 12:00:00 GMT-0800 (PST)
2013,Hyundai,Santa Fe,automatic,gray,black,21400,Tue Dec 16 2014 12:00:00 GMT-0800 (PST)
2013,Hyundai,Sonata,automatic,black,gray,12100,Tue Jan 27 2015 04:30:00 GMT-0800 (PST)
2013,Hyundai,Elantra,automatic,black,gray,11500,Tue Dec 16 2014 12:00:00 GMT-0800 (PST)
2013,Infiniti,G Sedan,automatic,blue,gray,23250,Thu Dec 18 2014 12:30:00 GMT-0800 (PST)
2013,Hyundai,Genesis,automatic,white,beige,22500,Tue Dec 16 2014 12:00:00 GMT-0800 (PST)
2013,Hyundai,Elantra,automatic,gray,gray,11800,Tue Dec 16 2014 12:30:00 GMT-0800 (PST)
2013,Hyundai,Elantra,automatic,gray,gray,12600,Tue Dec 16 2014 12:00:00 GMT-0800 (PST)
2013,Infiniti,G Coupe,automatic,black,black,25500,Thu Dec 18 2014 12:30:00 GMT-0800 (PST)
2013,Infiniti,G Sedan,automatic,silver,black,21500,Thu Dec 18 2014 12:30:00 GMT-0800 (PST)
2013,Hyundai,Santa Fe,automatic,gray,black,25500,Tue Dec 16 2014 12:00:00 GMT-0800 (PST)
2013,Hyundai,Elantra Coupe,automatic,blue,gray,2500,Tue Jan 27 2015 04:00:00 GMT-0800 (PST)
2013,Infiniti,G Sedan,automatic,blue,black,24750,Wed Dec 17 2014 12:30:00 GMT-0800 (PST)
2013,Hyundai,Elantra,automatic,gray,beige,11300,Thu Dec 18 2014 11:30:00 GMT-0800 (PST)
2013,Hyundai,Equus,automatic,black,black,36000,Tue Dec 30 2014 12:30:00 GMT-0800 (PST)
2013,Hyundai,Elantra,automatic,silver,gray,11500,Tue Dec 23 2014 12:30:00 GMT-0800 (PST)
2013,Infiniti,G Sedan,automatic,black,black,24500,Thu Dec 18 2014 12:30:00 GMT-0800 (PST)
2013,Hyundai,Accent,automatic,silver,black,11400,Tue Dec 16 2014 12:00:00 GMT-0800 (PST)
2013,Infiniti,G Sedan,automatic,white,black,21250,Thu Dec 18 2014 12:30:00 GMT-0800 (PST)
2013,Infiniti,G Sedan,automatic,black,black,26250,Wed Dec 17 2014 12:30:00 GMT-0800 (PST)
2013,Infiniti,G Sedan,automatic,silver,black,25000,Thu Dec 18 2014 12:30:00 GMT-0800 (PST)
2013,Infiniti,G Sedan,automatic,black,black,24500,Thu Dec 18 2014 12:30:00 GMT-0800 (PST)
2013,Hyundai,Sonata Hybrid,automatic,white,beige,16100,Tue Dec 16 2014 12:00:00 GMT-0800 (PST)
2013,Hyundai,Sonata,automatic,silver,gray,13700,Tue Dec 16 2014 12:00:00 GMT-0800 (PST)
2013,Infiniti,G Sedan,automatic,black,black,26000,Thu Dec 18 2014 12:30:00 GMT-0800 (PST)
2013,Infiniti,G Sedan,automatic,black,black,21500,Thu Dec 18 2014 12:30:00 GMT-0800 (PST)
2013,Infiniti,G Sedan,automatic,gray,black,24000,Thu Dec 18 2014 12:30:00 GMT-0800 (PST)
2013,Infiniti,G Sedan,automatic,white,gray,23500,Thu Dec 18 2014 12:30:00 GMT-0800 (PST)
2013,Hyundai,Elantra,automatic,silver,gray,7500,Tue Dec 16 2014 13:00:00 GMT-0800 (PST)
2013,Hyundai,Elantra,automatic,red,tan,13800,Tue Jan 27 2015 04:30:00 GMT-0800 (PST)
2013,Infiniti,G Sedan,automatic,white,gray,22000,Thu Dec 18 2014 12:30:00 GMT-0800 (PST)
2013,Hyundai,Veloster,automatic,yellow,black,11300,Tue Dec 16 2014 12:00:00 GMT-0800 (PST)
2013,Hyundai,Elantra,automatic,gray,beige,9400,Tue Dec 16 2014 12:00:00 GMT-0800 (PST)
2013,Hyundai,Sonata,automatic,white,beige,13400,Wed Dec 17 2014 12:30:00 GMT-0800 (PST)
2013,Hyundai,Sonata,automatic,red,beige,10700,Tue Dec 16 2014 12:00:00 GMT-0800 (PST)
2013,Hyundai,Santa Fe,automatic,blue,gray,22200,Tue Dec 16 2014 12:00:00 GMT-0800 (PST)
2013,Infiniti,G Sedan,automatic,black,black,21750,Thu Dec 18 2014 12:30:00 GMT-0800 (PST)
2013,Hyundai,Genesis Coupe,automatic,red,black,23000,Tue Dec 16 2014 12:00:00 GMT-0800 (PST)
2013,Hyundai,Sonata Hybrid,automatic,black,gray,18400,Tue Dec 16 2014 12:00:00 GMT-0800 (PST)
2013,Hyundai,Santa Fe,automatic,green,beige,17400,Wed Dec 31 2014 12:30:00 GMT-0800 (PST)
2013,Hyundai,Genesis,automatic,silver,black,27200,Tue Dec 16 2014 12:00:00 GMT-0800 (PST)
2013,Infiniti,G Sedan,automatic,white,gray,24750,Thu Dec 18 2014 12:30:00 GMT-0800 (PST)
2013,Hyundai,Sonata,automatic,silver,gray,12300,Tue Dec 16 2014 12:30:00 GMT-0800 (PST)
2013,Hyundai,Sonata,automatic,black,beige,11700,Tue Jan 27 2015 04:30:00 GMT-0800 (PST)
2013,Hyundai,Accent,manual,green,black,9500,Thu Dec 18 2014 12:00:00 GMT-0800 (PST)
2013,Infiniti,G Sedan,automatic,black,black,24500,Thu Dec 18 2014 12:30:00 GMT-0800 (PST)
2013,Infiniti,G Sedan,automatic,gray,black,21500,Thu Dec 18 2014 12:30:00 GMT-0800 (PST)
2013,Infiniti,G Sedan,automatic,blue,black,24250,Thu Dec 18 2014 12:30:00 GMT-0800 (PST)
2013,Infiniti,G Sedan,automatic,gray,black,21750,Thu Dec 18 2014 12:30:00 GMT-0800 (PST)
2013,Hyundai,Tucson,automatic,white,beige,17500,Tue Dec 16 2014 12:00:00 GMT-0800 (PST)
2013,Hyundai,Sonata Hybrid,automatic,silver,gray,19900,Tue Dec 16 2014 12:00:00 GMT-0800 (PST)
2013,Infiniti,G Sedan,automatic,white,black,20500,Tue Dec 23 2014 12:30:00 GMT-0800 (PST)
2013,Hyundai,Elantra,automatic,gray,gray,11700,Tue Dec 16 2014 12:30:00 GMT-0800 (PST)
2013,Hyundai,Elantra,automatic,black,gray,12600,Tue Dec 16 2014 12:00:00 GMT-0800 (PST)
2013,Infiniti,G Sedan,automatic,black,black,21500,Thu Dec 18 2014 12:30:00 GMT-0800 (PST)
2013,Hyundai,Sonata Hybrid,automatic,black,gray,18600,Tue Dec 16 2014 12:00:00 GMT-0800 (PST)
2013,Infiniti,G Sedan,automatic,black,black,24000,Thu Dec 18 2014 12:30:00 GMT-0800 (PST)
2013,Infiniti,G Sedan,automatic,white,black,26000,Thu Dec 18 2014 12:30:00 GMT-0800 (PST)
2013,Infiniti,G Sedan,automatic,blue,black,24000,Thu Dec 18 2014 12:30:00 GMT-0800 (PST)
2013,Infiniti,G Sedan,automatic,blue,black,23000,Thu Dec 18 2014 12:30:00 GMT-0800 (PST)
2013,Hyundai,Elantra,automatic,white,black,15900,Tue Dec 16 2014 12:00:00 GMT-0800 (PST)
2013,Infiniti,G Coupe,automatic,gray,black,24250,Thu Dec 18 2014 12:30:00 GMT-0800 (PST)
2013,Infiniti,G Coupe,automatic,gray,black,25000,Thu Dec 18 2014 12:30:00 GMT-0800 (PST)
2013,Infiniti,G Sedan,automatic,white,black,24750,Thu Dec 18 2014 12:30:00 GMT-0800 (PST)
2013,Hyundai,Genesis,automatic,black,beige,12500,Tue Dec 16 2014 12:00:00 GMT-0800 (PST)
2013,Infiniti,G Sedan,automatic,black,black,25000,Thu Dec 18 2014 12:30:00 GMT-0800 (PST)
2013,Hyundai,Sonata,automatic,white,beige,12300,Tue Dec 16 2014 12:30:00 GMT-0800 (PST)
2013,Infiniti,G Sedan,automatic,white,black,25750,Thu Dec 18 2014 12:30:00 GMT-0800 (PST)
2013,Hyundai,Sonata,automatic,blue,gray,12400,Tue Dec 16 2014 12:30:00 GMT-0800 (PST)
2013,Infiniti,G Sedan,automatic,gray,gray,25750,Thu Dec 18 2014 12:30:00 GMT-0800 (PST)
2013,Hyundai,Sonata,automatic,blue,gray,10100,Tue Dec 30 2014 13:00:00 GMT-0800 (PST)
2013,Hyundai,Santa Fe,automatic,silver,black,20800,Tue Dec 16 2014 12:00:00 GMT-0800 (PST)
2013,Hyundai,Accent,automatic,gold,beige,6700,Tue Dec 16 2014 13:00:00 GMT-0800 (PST)
2013,Infiniti,G Sedan,automatic,gray,black,24000,Wed Dec 17 2014 12:30:00 GMT-0800 (PST)
2013,Infiniti,G Sedan,automatic,gray,black,24750,Thu Dec 18 2014 12:30:00 GMT-0800 (PST)
2013,Infiniti,G Coupe,automatic,gray,black,26500,Tue Dec 16 2014 12:30:00 GMT-0800 (PST)
2013,Infiniti,G Sedan,automatic,gray,black,22000,Thu Dec 18 2014 12:30:00 GMT-0800 (PST)
2013,Infiniti,G Sedan,automatic,gray,gray,22000,Thu Dec 18 2014 12:30:00 GMT-0800 (PST)
2013,Infiniti,G Coupe,automatic,white,black,23250,Tue Jan 13 2015 12:30:00 GMT-0800 (PST)
2013,Infiniti,G Sedan,automatic,white,black,24250,Thu Dec 18 2014 12:30:00 GMT-0800 (PST)
2013,Hyundai,Elantra,automatic,brown,beige,5200,Tue Jan 13 2015 12:00:00 GMT-0800 (PST)
2013,Hyundai,Sonata,automatic,blue,gray,16900,Tue Dec 16 2014 12:00:00 GMT-0800 (PST)
2013,Hyundai,Elantra,automatic,gray,gray,7700,Tue Dec 16 2014 12:00:00 GMT-0800 (PST)
2013,Hyundai,Sonata,automatic,white,beige,12900,Thu Dec 18 2014 12:00:00 GMT-0800 (PST)
2013,Jeep,Wrangler,manual,red,gray,35250,Tue Dec 16 2014 12:30:00 GMT-0800 (PST)
2013,Kia,Optima,automatic,white,beige,16800,Tue Dec 16 2014 12:30:00 GMT-0800 (PST)
2013,Nissan,Altima,automatic,red,beige,13800,Tue Dec 16 2014 12:30:00 GMT-0800 (PST)
2013,Mercedes-Benz,S-Class,automatic,black,black,45500,Thu Jan 29 2015 04:30:00 GMT-0800 (PST)
2013,Nissan,Altima,automatic,black,black,11900,Tue Dec 16 2014 12:30:00 GMT-0800 (PST)
2013,Lexus,GS 350,automatic,white,white,32100,Wed Dec 17 2014 12:30:00 GMT-0800 (PST)
2013,Mitsubishi,Outlander,automatic,silver,black,15000,Wed Dec 31 2014 12:30:00 GMT-0800 (PST)
2013,Kia,Optima,automatic,black,black,16500,Tue Dec 16 2014 12:30:00 GMT-0800 (PST)
2013,Kia,Optima,automatic,black,black,21250,Wed Dec 17 2014 12:15:00 GMT-0800 (PST)
2013,Nissan,Altima,automatic,black,black,12100,Tue Dec 16 2014 12:00:00 GMT-0800 (PST)
2013,Nissan,Altima,automatic,silver,black,13000,Wed Dec 17 2014 12:30:00 GMT-0800 (PST)
2013,Infiniti,G Sedan,automatic,gray,black,22250,Wed Dec 17 2014 12:30:00 GMT-0800 (PST)
2013,Nissan,Altima,automatic,silver,black,13600,Tue Dec 16 2014 12:30:00 GMT-0800 (PST)
2013,Jeep,Wrangler,automatic,black,black,27000,Tue Dec 30 2014 15:00:00 GMT-0800 (PST)
2013,Mazda,Mazda2,automatic,black,black,9100,Thu Dec 18 2014 12:00:00 GMT-0800 (PST)
2013,Nissan,Altima,automatic,red,black,13600,Tue Dec 16 2014 12:30:00 GMT-0800 (PST)
2013,Kia,Rio,automatic,silver,black,8900,Wed Dec 17 2014 12:30:00 GMT-0800 (PST)
2013,Mercedes-Benz,C-Class,automatic,white,black,25000,Thu Dec 18 2014 12:30:00 GMT-0800 (PST)
2013,Kia,Optima,automatic,black,gray,11700,Tue Dec 16 2014 12:00:00 GMT-0800 (PST)
2013,Nissan,Altima,automatic,black,black,12200,Tue Dec 30 2014 16:00:00 GMT-0800 (PST)
2013,Mazda,Mazda2,automatic,red,black,8500,Tue Dec 16 2014 12:30:00 GMT-0800 (PST)
2013,Kia,Optima,automatic,black,gray,16100,Tue Dec 16 2014 12:30:00 GMT-0800 (PST)
2013,Nissan,370Z,automatic,silver,black,28750,Tue Dec 16 2014 12:30:00 GMT-0800 (PST)
2013,Kia,Soul,automatic,black,black,11000,Tue Dec 30 2014 15:00:00 GMT-0800 (PST)
2013,Kia,Sorento,automatic,silver,gray,12750,Tue Dec 16 2014 12:30:00 GMT-0800 (PST)
2013,Kia,Rio,automatic,black,beige,9800,Wed Dec 31 2014 12:30:00 GMT-0800 (PST)
2013,Kia,Soul,manual,silver,black,6900,Tue Dec 16 2014 12:00:00 GMT-0800 (PST)
2013,Mitsubishi,Outlander Sport,automatic,blue,black,14000,Wed Dec 17 2014 12:30:00 GMT-0800 (PST)
2013,Mercedes-Benz,C-Class,automatic,black,black,21000,Tue Dec 30 2014 12:30:00 GMT-0800 (PST)
2013,Lexus,ES 350,automatic,gray,black,27750,Thu Dec 18 2014 12:00:00 GMT-0800 (PST)
2013,Mercedes-Benz,E-Class,automatic,black,black,31750,Thu Jan 15 2015 04:30:00 GMT-0800 (PST)
2013,Mazda,Mazda3,automatic,gray,black,10600,Wed Dec 17 2014 12:30:00 GMT-0800 (PST)
2013,MINI,Cooper Clubman,automatic,green,beige,13600,Wed Dec 17 2014 12:30:00 GMT-0800 (PST)
2013,Mazda,CX-9,automatic,red,black,20500,Wed Dec 31 2014 12:30:00 GMT-0800 (PST)
2013,Infiniti,G Sedan,automatic,gray,black,20250,Thu Dec 18 2014 12:30:00 GMT-0800 (PST)
2013,Nissan,Altima,automatic,black,black,8000,Tue Dec 23 2014 13:00:00 GMT-0800 (PST)
2013,Kia,Forte,automatic,black,gray,9200,Thu Dec 18 2014 12:00:00 GMT-0800 (PST)
2013,Mazda,CX-9,automatic,gray,black,20000,Wed Dec 31 2014 12:30:00 GMT-0800 (PST)
2013,Kia,Sorento,automatic,burgundy,black,21500,Wed Dec 17 2014 12:15:00 GMT-0800 (PST)
2013,Nissan,Altima,automatic,red,black,13500,Tue Dec 16 2014 12:30:00 GMT-0800 (PST)
2013,Nissan,Altima,automatic,charcoal,black,13500,Tue Dec 16 2014 12:30:00 GMT-0800 (PST)
2013,Nissan,Altima,automatic,silver,black,13500,Wed Dec 17 2014 12:30:00 GMT-0800 (PST)
2013,Jeep,Compass,automatic,white,black,13900,Thu Dec 18 2014 12:00:00 GMT-0800 (PST)
2013,Nissan,370Z,automatic,black,black,21500,Tue Dec 16 2014 12:30:00 GMT-0800 (PST)
2013,Nissan,Altima,automatic,gray,black,15500,Tue Dec 16 2014 12:30:00 GMT-0800 (PST)
2013,Mazda,Mazda3,automatic,black,black,9600,Tue Dec 16 2014 12:30:00 GMT-0800 (PST)
2013,Infiniti,JX,automatic,gray,beige,32250,Wed Dec 17 2014 12:30:00 GMT-0800 (PST)
2013,Infiniti,G Sedan,automatic,gray,black,26000,Thu Dec 18 2014 12:30:00 GMT-0800 (PST)
2013,Infiniti,G Sedan,automatic,white,black,23000,Thu Dec 18 2014 12:30:00 GMT-0800 (PST)
2013,Kia,Optima,automatic,black,black,22200,Tue Dec 16 2014 12:00:00 GMT-0800 (PST)
2013,Nissan,Altima,automatic,white,beige,13400,Tue Dec 30 2014 12:30:00 GMT-0800 (PST)
2013,Kia,Rio,manual,red,black,14200,Tue Dec 16 2014 12:00:00 GMT-0800 (PST)
2013,Nissan,Altima,automatic,black,black,13500,Wed Dec 17 2014 12:30:00 GMT-0800 (PST)
2013,Nissan,Altima,automatic,white,black,13100,Wed Dec 17 2014 12:30:00 GMT-0800 (PST)
2013,Kia,Soul,manual,black,black,7000,Tue Dec 16 2014 12:00:00 GMT-0800 (PST)
2013,Land Rover,LR4,automatic,gray,black,42000,Thu Dec 18 2014 12:30:00 GMT-0800 (PST)
2013,Kia,Optima,automatic,burgundy,beige,10600,Tue Dec 16 2014 13:00:00 GMT-0800 (PST)
2013,Mazda,Mazda5,automatic,red,gray,12400,Tue Dec 16 2014 12:30:00 GMT-0800 (PST)
2013,Kia,Rio,automatic,red,black,6300,Tue Dec 16 2014 12:00:00 GMT-0800 (PST)
2013,Nissan,Altima,automatic,white,beige,14000,Wed Dec 17 2014 12:30:00 GMT-0800 (PST)
2013,Infiniti,G Sedan,automatic,gray,black,23000,Thu Dec 18 2014 12:30:00 GMT-0800 (PST)
2013,Mazda,Mazda3,automatic,black,black,10000,Tue Dec 16 2014 12:30:00 GMT-0800 (PST)
2013,Infiniti,G Coupe,automatic,gray,black,27000,Wed Dec 17 2014 12:30:00 GMT-0800 (PST)
2013,Infiniti,M,automatic,white,black,34500,Thu Dec 18 2014 12:30:00 GMT-0800 (PST)
2013,Kia,Forte,automatic,gray,black,8800,Tue Dec 23 2014 12:00:00 GMT-0800 (PST)
2013,Mazda,CX-9,automatic,gray,black,19900,Tue Dec 16 2014 12:30:00 GMT-0800 (PST)
2013,Nissan,Altima,automatic,gray,black,13300,Wed Dec 17 2014 12:30:00 GMT-0800 (PST)
2013,Kia,Optima,automatic,white,gray,16500,Tue Dec 16 2014 12:30:00 GMT-0800 (PST)
2013,MINI,Cooper,automatic,green,black,13700,Wed Dec 17 2014 12:30:00 GMT-0800 (PST)
2013,Mazda,Mazda5,automatic,gray,black,12200,Tue Dec 16 2014 12:30:00 GMT-0800 (PST)
2013,Lexus,GS 350,automatic,beige,brown,33000,Wed Jan 14 2015 00:00:00 GMT-0800 (PST)
2013,Kia,Rio,automatic,black,beige,3850,Tue Jan 13 2015 13:00:00 GMT-0800 (PST)
2013,Land Rover,Range Rover Evoque,automatic,blue,black,35500,Wed Dec 17 2014 12:30:00 GMT-0800 (PST)
2013,MINI,Cooper,automatic,black,black,2500,Tue Dec 16 2014 13:00:00 GMT-0800 (PST)
2013,Nissan,Altima,automatic,gray,beige,13200,Thu Dec 18 2014 11:30:00 GMT-0800 (PST)
2013,Infiniti,G Sedan,automatic,black,gray,22250,Wed Dec 17 2014 12:30:00 GMT-0800 (PST)
2013,Kia,Rio,manual,white,beige,5500,Tue Dec 16 2014 12:30:00 GMT-0800 (PST)
2013,Kia,Rio,automatic,white,black,7500,Thu Dec 18 2014 12:00:00 GMT-0800 (PST)
2013,Jeep,Compass,automatic,red,black,13000,Thu Dec 18 2014 12:00:00 GMT-0800 (PST)
2013,Mitsubishi,Outlander,automatic,gray,black,14700,Thu Dec 18 2014 11:30:00 GMT-0800 (PST)
2013,Infiniti,G Sedan,manual,gray,black,26250,Wed Dec 17 2014 12:30:00 GMT-0800 (PST)
2013,Mercedes-Benz,C-Class,automatic,gray,black,26000,Thu Jan 15 2015 04:30:00 GMT-0800 (PST)
2013,Lexus,LS 460,automatic,gold,beige,64000,Tue Dec 30 2014 12:30:00 GMT-0800 (PST)
2013,Mercedes-Benz,S-Class,automatic,black,black,51500,Thu Jan 29 2015 04:30:00 GMT-0800 (PST)
2013,Kia,Optima,automatic,gray,black,15700,Tue Dec 16 2014 12:30:00 GMT-0800 (PST)
2013,Mitsubishi,Outlander,automatic,silver,black,14800,Thu Dec 18 2014 11:30:00 GMT-0800 (PST)
2013,Mercedes-Benz,GLK-Class,automatic,gray,black,25500,Thu Dec 18 2014 12:00:00 GMT-0800 (PST)
2013,Nissan,Altima,automatic,gray,black,12700,Wed Jan 07 2015 12:30:00 GMT-0800 (PST)
2013,Jeep,Wrangler,automatic,black,black,25250,Tue Dec 30 2014 15:00:00 GMT-0800 (PST)
2013,Kia,Sportage,automatic,gray,gray,15200,Wed Dec 17 2014 12:30:00 GMT-0800 (PST)
2013,Nissan,Altima,automatic,white,white,12500,Wed Dec 17 2014 12:30:00 GMT-0800 (PST)
2013,Kia,Optima,automatic,silver,gray,15300,Tue Dec 16 2014 12:00:00 GMT-0800 (PST)
2013,Jeep,Grand Cherokee,automatic,black,black,26750,Tue Dec 16 2014 12:30:00 GMT-0800 (PST)
2013,Mercedes-Benz,C-Class,automatic,black,beige,22750,Thu Jan 15 2015 04:30:00 GMT-0800 (PST)
2013,Kia,Optima,automatic,white,beige,16400,Tue Dec 16 2014 12:30:00 GMT-0800 (PST)
2013,Kia,Forte,automatic,black,gray,2700,Tue Jan 13 2015 12:00:00 GMT-0800 (PST)
2013,Kia,Optima,automatic,white,black,16500,Tue Dec 16 2014 12:30:00 GMT-0800 (PST)
2013,Kia,Optima,automatic,brown,beige,13300,Wed Dec 17 2014 12:30:00 GMT-0800 (PST)
2013,Infiniti,G Sedan,automatic,gray,gray,21000,Thu Dec 18 2014 12:30:00 GMT-0800 (PST)
2013,Infiniti,G Sedan,automatic,gray,black,23000,Thu Dec 18 2014 12:30:00 GMT-0800 (PST)
2013,Mercedes-Benz,S-Class,automatic,black,black,56250,Thu Dec 18 2014 12:30:00 GMT-0800 (PST)
2013,Lincoln,MKX,automatic,burgundy,tan,24500,Wed Dec 17 2014 12:30:00 GMT-0800 (PST)
2013,Land Rover,Range Rover Evoque,automatic,white,tan,30000,Thu Dec 18 2014 12:30:00 GMT-0800 (PST)
2013,Mazda,Mazda5,automatic,white,beige,14000,Tue Dec 16 2014 12:30:00 GMT-0800 (PST)
2013,lincoln,mkt,automatic,black,black,17750,Thu Dec 18 2014 12:00:00 GMT-0800 (PST)
2013,Infiniti,G Sedan,manual,black,black,28250,Thu Dec 18 2014 12:30:00 GMT-0800 (PST)
2013,Lexus,GS 350,automatic,silver,black,31900,Wed Jan 21 2015 05:00:00 GMT-0800 (PST)
2013,Jaguar,XF,automatic,black,tan,26000,Thu Dec 18 2014 12:30:00 GMT-0800 (PST)
2013,Mercedes-Benz,C-Class,automatic,white,black,22250,Tue Dec 16 2014 12:30:00 GMT-0800 (PST)
2013,Kia,Soul,automatic,black,black,6000,Tue Dec 16 2014 13:00:00 GMT-0800 (PST)
2013,Kia,Optima,automatic,white,beige,14300,Tue Dec 16 2014 12:00:00 GMT-0800 (PST)
2013,Nissan,Altima,automatic,silver,black,13500,Tue Dec 16 2014 12:30:00 GMT-0800 (PST)
2013,Nissan,Altima,automatic,gray,black,13300,Tue Dec 16 2014 12:30:00 GMT-0800 (PST)
2013,Mercedes-Benz,C-Class,automatic,black,black,23750,Thu Jan 15 2015 04:30:00 GMT-0800 (PST)
2013,Kia,Optima,automatic,white,black,16600,Tue Dec 16 2014 12:30:00 GMT-0800 (PST)
2013,Mercedes-Benz,GL-Class,automatic,gray,black,48000,Thu Dec 18 2014 12:00:00 GMT-0800 (PST)
2013,Mazda,Mazda5,automatic,gray,tan,13100,Fri Dec 26 2014 15:00:00 GMT-0800 (PST)
2013,Kia,Sportage,automatic,blue,black,15250,Tue Dec 16 2014 12:30:00 GMT-0800 (PST)
2013,Mercedes-Benz,GL-Class,automatic,silver,black,46750,Thu Dec 18 2014 12:00:00 GMT-0800 (PST)
2013,Jaguar,XF,automatic,blue,gray,26000,Thu Dec 18 2014 12:30:00 GMT-0800 (PST)
2013,Kia,Rio,automatic,black,black,12000,Thu Dec 18 2014 12:00:00 GMT-0800 (PST)
2013,Mercedes-Benz,M-Class,automatic,silver,black,42750,Thu Dec 18 2014 12:30:00 GMT-0800 (PST)
2013,MINI,Cooper Countryman,automatic,silver,black,16500,Wed Dec 31 2014 12:30:00 GMT-0800 (PST)
2013,Kia,Sorento,automatic,black,beige,14000,Tue Dec 16 2014 12:30:00 GMT-0800 (PST)
2013,Mercedes-Benz,S-Class,automatic,black,black,54000,Thu Dec 18 2014 12:30:00 GMT-0800 (PST)
2013,Nissan,Altima,automatic,red,black,13500,Wed Dec 17 2014 12:30:00 GMT-0800 (PST)
2013,Kia,Sorento,automatic,blue,black,13500,Tue Dec 16 2014 12:30:00 GMT-0800 (PST)
2013,Nissan,Altima,automatic,white,black,13600,Thu Jan 08 2015 11:30:00 GMT-0800 (PST)
2013,Land Rover,Range Rover Evoque,automatic,white,black,39000,Thu Dec 18 2014 12:00:00 GMT-0800 (PST)
2013,Kia,Forte,automatic,white,beige,8500,Tue Jan 13 2015 12:30:00 GMT-0800 (PST)
2013,Kia,Optima,automatic,silver,gray,13300,Wed Dec 17 2014 12:30:00 GMT-0800 (PST)
2013,Mercedes-Benz,S-Class,automatic,black,black,48000,Thu Jan 29 2015 04:30:00 GMT-0800 (PST)
2013,Nissan,Altima,automatic,silver,black,13300,Wed Dec 17 2014 12:30:00 GMT-0800 (PST)
2013,Jeep,Wrangler,automatic,black,black,25000,Tue Dec 30 2014 15:00:00 GMT-0800 (PST)
2013,Land Rover,Range Rover Evoque,automatic,gray,black,30500,Thu Dec 18 2014 12:30:00 GMT-0800 (PST)
2013,Mazda,CX-9,automatic,black,black,19600,Thu Dec 18 2014 11:30:00 GMT-0800 (PST)
2013,Mazda,Mazda2,automatic,white,black,2600,Wed Dec 17 2014 15:05:00 GMT-0800 (PST)
2013,Mercedes-Benz,S-Class,automatic,black,black,46500,Thu Jan 15 2015 04:30:00 GMT-0800 (PST)
2013,Nissan,Altima,automatic,black,tan,13400,Wed Dec 31 2014 12:30:00 GMT-0800 (PST)
2013,Infiniti,G Sedan,automatic,black,black,19900,Tue Dec 16 2014 12:30:00 GMT-0800 (PST)
2013,Infiniti,G Sedan,automatic,blue,black,20250,Tue Dec 23 2014 12:30:00 GMT-0800 (PST)
2013,Infiniti,M,automatic,silver,black,33500,Thu Jan 15 2015 04:30:00 GMT-0800 (PST)
2013,Mazda,Mazda3,automatic,blue,black,11800,Tue Dec 16 2014 12:30:00 GMT-0800 (PST)
2013,Infiniti,G Sedan,automatic,black,black,17250,Tue Dec 16 2014 12:30:00 GMT-0800 (PST)
2013,Kia,Optima,automatic,white,gray,19000,Thu Dec 18 2014 12:30:00 GMT-0800 (PST)
2013,Mercedes-Benz,C-Class,automatic,black,tan,22500,Thu Jan 15 2015 04:30:00 GMT-0800 (PST)
2013,Lexus,RX 350,automatic,burgundy,black,37750,Tue Dec 16 2014 12:30:00 GMT-0800 (PST)
2013,Nissan,Altima,automatic,black,black,12000,Wed Dec 17 2014 12:30:00 GMT-0800 (PST)
2013,Mercedes-Benz,C-Class,automatic,white,black,21750,Thu Dec 18 2014 12:30:00 GMT-0800 (PST)
2013,Mazda,Mazda5,automatic,gray,black,13000,Tue Dec 23 2014 12:30:00 GMT-0800 (PST)
2013,Mitsubishi,Lancer,automatic,blue,black,18900,Tue Jan 06 2015 12:30:00 GMT-0800 (PST)
2013,Infiniti,G Coupe,manual,black,black,28750,Thu Dec 18 2014 12:30:00 GMT-0800 (PST)
2013,MINI,Cooper Clubman,automatic,white,black,14000,Wed Dec 17 2014 12:30:00 GMT-0800 (PST)
2013,Mercedes-Benz,S-Class,automatic,black,black,57250,Thu Dec 18 2014 12:00:00 GMT-0800 (PST)
2013,Mazda,Mazda5,automatic,black,black,15000,Tue Dec 16 2014 12:30:00 GMT-0800 (PST)
2013,Mercedes-Benz,C-Class,automatic,black,gray,21750,Tue Dec 16 2014 12:30:00 GMT-0800 (PST)
2013,Kia,Optima,automatic,gray,black,23000,Tue Dec 16 2014 12:00:00 GMT-0800 (PST)
2013,Nissan,Altima,automatic,gray,black,13500,Wed Dec 17 2014 12:30:00 GMT-0800 (PST)
2013,Infiniti,M,automatic,silver,black,30000,Thu Dec 18 2014 12:30:00 GMT-0800 (PST)
2013,Nissan,Altima,automatic,white,beige,13750,Tue Dec 16 2014 12:30:00 GMT-0800 (PST)
2013,Kia,Forte,automatic,gray,gray,10400,Tue Dec 16 2014 12:00:00 GMT-0800 (PST)
2013,Kia,Rio,automatic,red,gray,9500,Wed Dec 17 2014 12:30:00 GMT-0800 (PST)
2013,Kia,Optima,automatic,red,black,17000,Tue Jan 13 2015 12:30:00 GMT-0800 (PST)
2013,Land Rover,Range Rover Sport,automatic,black,gray,60000,Thu Dec 18 2014 12:30:00 GMT-0800 (PST)
2013,Lexus,ES 350,automatic,gray,beige,29300,Tue Dec 16 2014 12:30:00 GMT-0800 (PST)
2013,Mercedes-Benz,E-Class,automatic,gray,black,30750,Thu Dec 18 2014 12:30:00 GMT-0800 (PST)
2013,Mercedes-Benz,E-Class,automatic,white,gray,32250,Thu Dec 18 2014 12:30:00 GMT-0800 (PST)
2013,Lexus,GS 350,automatic,black,gray,31000,Thu Dec 18 2014 12:30:00 GMT-0800 (PST)
2013,Infiniti,M,automatic,black,black,33500,Thu Dec 18 2014 12:30:00 GMT-0800 (PST)
2013,Kia,Optima,automatic,black,black,19900,Tue Jan 20 2015 04:30:00 GMT-0800 (PST)
2013,Mitsubishi,Outlander,automatic,brown,black,14600,Thu Dec 18 2014 11:30:00 GMT-0800 (PST)
2013,Mitsubishi,Lancer,automatic,red,black,10100,Thu Dec 18 2014 11:30:00 GMT-0800 (PST)
2013,Mercedes-Benz,E-Class,automatic,white,black,34750,Thu Dec 18 2014 12:30:00 GMT-0800 (PST)
2013,Infiniti,G Sedan,automatic,black,black,21750,Thu Dec 18 2014 12:30:00 GMT-0800 (PST)
2013,Lexus,GS 350,automatic,gold,brown,34500,Wed Dec 17 2014 12:30:00 GMT-0800 (PST)
2013,MINI,Cooper,automatic,red,black,12500,Tue Dec 23 2014 12:30:00 GMT-0800 (PST)
2013,Volkswagen,Passat,automatic,white,black,8000,Tue Dec 16 2014 12:00:00 GMT-0800 (PST)
2013,Toyota,Corolla,automatic,black,gray,9200,Tue Dec 16 2014 12:00:00 GMT-0800 (PST)
2013,Volvo,XC60,automatic,white,black,22900,Tue Dec 16 2014 12:30:00 GMT-0800 (PST)
2013,Toyota,Sienna,automatic,gray,tan,18000,Tue Dec 16 2014 12:30:00 GMT-0800 (PST)
2013,Nissan,Juke,automatic,gray,black,14400,Fri Dec 26 2014 15:00:00 GMT-0800 (PST)
2013,Toyota,Yaris,automatic,white,gray,7800,Tue Dec 30 2014 13:00:00 GMT-0800 (PST)
2013,Nissan,Rogue,automatic,silver,black,2800,Tue Dec 16 2014 13:00:00 GMT-0800 (PST)
2013,Nissan,NV,automatic,white,gray,14000,Wed Dec 17 2014 15:05:00 GMT-0800 (PST)
2013,Toyota,Corolla,automatic,orange,black,14100,Wed Dec 17 2014 12:30:00 GMT-0800 (PST)
2013,Toyota,Corolla,automatic,white,gray,4500,Wed Dec 17 2014 15:10:00 GMT-0800 (PST)
2013,Volkswagen,CC,automatic,black,black,17100,Wed Dec 17 2014 12:30:00 GMT-0800 (PST)
2013,Volvo,XC60,automatic,blue,black,20600,Tue Dec 16 2014 12:30:00 GMT-0800 (PST)
2013,Toyota,Camry,automatic,red,beige,13500,Thu Dec 18 2014 11:30:00 GMT-0800 (PST)
2013,Toyota,Camry,automatic,black,gray,22000,Wed Dec 17 2014 12:30:00 GMT-0800 (PST)
2013,Toyota,Tacoma,automatic,blue,gray,20500,Tue Dec 23 2014 16:00:00 GMT-0800 (PST)
2013,Volkswagen,Jetta,automatic,white,black,11800,Wed Dec 17 2014 12:30:00 GMT-0800 (PST)
2013,Subaru,Impreza WRX,manual,blue,black,23750,Tue Dec 23 2014 12:00:00 GMT-0800 (PST)
2013,Nissan,Altima,automatic,black,black,20250,Wed Dec 17 2014 12:30:00 GMT-0800 (PST)
2013,Toyota,FJ Cruiser,automatic,black,black,24200,Wed Jan 14 2015 04:30:00 GMT-0800 (PST)
2013,Subaru,Impreza WRX,manual,blue,black,21000,Tue Dec 16 2014 12:30:00 GMT-0800 (PST)
2013,Volkswagen,Beetle,automatic,white,black,11400,Wed Dec 17 2014 12:30:00 GMT-0800 (PST)
2013,Toyota,Avalon,automatic,silver,silver,19500,Tue Dec 23 2014 12:30:00 GMT-0800 (PST)
2013,Scion,FR-S,automatic,red,black,10600,Tue Dec 23 2014 13:30:00 GMT-0800 (PST)
2013,Nissan,NV200,automatic,white,gray,16000,Tue Dec 16 2014 12:30:00 GMT-0800 (PST)
2013,Toyota,RAV4,automatic,gray,gray,7000,Tue Dec 16 2014 13:00:00 GMT-0800 (PST)
2013,Volkswagen,Passat,automatic,burgundy,black,4900,Wed Jan 07 2015 11:00:00 GMT-0800 (PST)
2013,Nissan,Rogue,automatic,gray,black,11000,Thu Jan 08 2015 11:30:00 GMT-0800 (PST)
2013,Volkswagen,Beetle,automatic,silver,black,11800,Thu Dec 18 2014 11:30:00 GMT-0800 (PST)
2013,Volkswagen,Jetta,automatic,gray,black,15500,Thu Jan 15 2015 04:30:00 GMT-0800 (PST)
2013,Nissan,Altima,automatic,beige,tan,14750,Tue Dec 16 2014 12:30:00 GMT-0800 (PST)
2013,Toyota,FJ Cruiser,automatic,brown,black,27000,Wed Dec 17 2014 12:30:00 GMT-0800 (PST)
2013,Scion,tC,manual,gray,black,14400,Wed Dec 17 2014 12:30:00 GMT-0800 (PST)
2013,Nissan,Maxima,automatic,white,black,22500,Tue Dec 16 2014 12:30:00 GMT-0800 (PST)
2013,Porsche,Cayenne,automatic,gray,black,46500,Tue Dec 16 2014 12:30:00 GMT-0800 (PST)
2013,Porsche,911,automatic,black,black,88500,Thu Dec 18 2014 12:30:00 GMT-0800 (PST)
2013,Volkswagen,Passat,automatic,silver,black,13500,Thu Jan 15 2015 03:30:00 GMT-0800 (PST)
2013,Volkswagen,Jetta,automatic,black,black,11400,Tue Dec 16 2014 12:30:00 GMT-0800 (PST)
2013,Nissan,Altima,automatic,black,black,12900,Wed Dec 17 2014 12:30:00 GMT-0800 (PST)
2013,Nissan,Xterra,automatic,black,gray,18300,Wed Dec 17 2014 12:30:00 GMT-0800 (PST)
2013,Nissan,Versa,automatic,blue,black,9500,Wed Dec 17 2014 12:30:00 GMT-0800 (PST)
2013,Nissan,Rogue,automatic,gray,black,13400,Wed Dec 31 2014 12:30:00 GMT-0800 (PST)
2013,Nissan,Sentra,automatic,red,black,12200,Thu Dec 18 2014 12:00:00 GMT-0800 (PST)
2013,Volkswagen,Passat,automatic,black,black,13900,Wed Dec 17 2014 12:30:00 GMT-0800 (PST)
2013,Nissan,Xterra,automatic,gray,gray,19200,Tue Dec 16 2014 12:30:00 GMT-0800 (PST)
2013,Toyota,Prius,automatic,silver,gray,14800,Thu Dec 18 2014 11:30:00 GMT-0800 (PST)
2013,Nissan,Versa,automatic,blue,tan,10300,Wed Dec 17 2014 12:30:00 GMT-0800 (PST)
2013,Volvo,S80,automatic,black,black,25750,Thu Jan 15 2015 04:30:00 GMT-0800 (PST)
2013,Nissan,Frontier,automatic,white,gray,22750,Thu Dec 18 2014 12:00:00 GMT-0800 (PST)
2013,Nissan,Sentra,automatic,black,black,14500,Wed Dec 17 2014 12:30:00 GMT-0800 (PST)
2013,Nissan,Altima,automatic,white,black,17000,Wed Dec 17 2014 12:30:00 GMT-0800 (PST)
2013,Porsche,Boxster,automatic,black,black,49500,Thu Jan 15 2015 04:30:00 GMT-0800 (PST)
2013,Nissan,Sentra,automatic,black,black,12000,Tue Dec 16 2014 12:30:00 GMT-0800 (PST)
2013,Volkswagen,Jetta,automatic,blue,black,11500,Thu Dec 18 2014 11:30:00 GMT-0800 (PST)
2013,Toyota,Camry Hybrid,automatic,black,gray,21000,Wed Dec 17 2014 12:15:00 GMT-0800 (PST)
2013,Nissan,Sentra,automatic,red,black,11100,Wed Dec 17 2014 12:30:00 GMT-0800 (PST)
2013,Toyota,Corolla,automatic,blue,gray,10500,Wed Dec 17 2014 12:30:00 GMT-0800 (PST)
2013,Scion,xB,automatic,white,gray,14500,Tue Dec 16 2014 12:30:00 GMT-0800 (PST)
2013,Toyota,FJ Cruiser,automatic,orange,black,26500,Wed Dec 17 2014 12:30:00 GMT-0800 (PST)
2013,Nissan,Cube,automatic,white,beige,12200,Wed Dec 17 2014 12:30:00 GMT-0800 (PST)
2013,Scion,FR-S,automatic,gray,black,20250,Wed Dec 17 2014 12:15:00 GMT-0800 (PST)
2013,Volkswagen,Jetta SportWagen,automatic,blue,gray,12000,Wed Dec 17 2014 12:30:00 GMT-0800 (PST)
2013,Toyota,Corolla,automatic,black,gray,13000,Wed Dec 17 2014 13:00:00 GMT-0800 (PST)
2013,Nissan,Sentra,automatic,gray,black,12400,Thu Dec 18 2014 12:00:00 GMT-0800 (PST)
2013,Nissan,Rogue,automatic,gray,black,16250,Tue Dec 16 2014 12:30:00 GMT-0800 (PST)
2013,Volkswagen,Beetle,automatic,white,black,12100,Tue Dec 16 2014 12:30:00 GMT-0800 (PST)
2013,Toyota,4Runner,automatic,silver,black,25900,Wed Dec 17 2014 12:30:00 GMT-0800 (PST)
2013,Toyota,Sequoia,automatic,black,gray,34000,Tue Dec 23 2014 00:00:00 GMT-0800 (PST)
2013,Nissan,Versa,automatic,red,black,10000,Thu Jan 08 2015 11:30:00 GMT-0800 (PST)
2013,Nissan,Maxima,automatic,gray,black,2000,Tue Dec 16 2014 13:00:00 GMT-0800 (PST)
2013,Volvo,S60,automatic,white,beige,20000,Thu Dec 18 2014 12:30:00 GMT-0800 (PST)
2013,Toyota,Prius,automatic,silver,gray,16200,Wed Dec 17 2014 12:30:00 GMT-0800 (PST)
2013,Subaru,Legacy,automatic,red,black,9800,Wed Dec 31 2014 15:05:00 GMT-0800 (PST)
2013,Nissan,Leaf,automatic,black,black,15000,Tue Dec 16 2014 12:30:00 GMT-0800 (PST)
2013,Nissan,Quest,automatic,black,gray,22800,Thu Dec 18 2014 12:00:00 GMT-0800 (PST)
2013,Nissan,Armada,automatic,black,black,19500,Thu Dec 18 2014 11:30:00 GMT-0800 (PST)
2013,Toyota,Venza,automatic,white,beige,17600,Wed Dec 17 2014 12:30:00 GMT-0800 (PST)
2013,Volkswagen,Jetta,automatic,black,black,11600,Tue Dec 16 2014 12:30:00 GMT-0800 (PST)
2013,Nissan,Sentra,automatic,black,black,12250,Tue Dec 16 2014 12:30:00 GMT-0800 (PST)
2013,Nissan,Cube,automatic,blue,black,12100,Thu Dec 18 2014 12:00:00 GMT-0800 (PST)
2013,Toyota,Tacoma,automatic,silver,gray,23700,Wed Dec 17 2014 12:30:00 GMT-0800 (PST)
2013,Porsche,Cayenne,automatic,black,tan,55000,Thu Dec 18 2014 12:30:00 GMT-0800 (PST)
2013,Volkswagen,Beetle,automatic,black,gray,11600,Wed Dec 31 2014 12:30:00 GMT-0800 (PST)
2013,Nissan,Sentra,automatic,silver,black,10800,Tue Dec 23 2014 12:30:00 GMT-0800 (PST)
2013,Nissan,Pathfinder,automatic,black,black,19700,Thu Dec 18 2014 11:30:00 GMT-0800 (PST)
2013,Nissan,Sentra,automatic,white,black,10500,Wed Dec 17 2014 12:30:00 GMT-0800 (PST)
2013,Toyota,Corolla,automatic,gray,gray,11700,Tue Dec 23 2014 12:30:00 GMT-0800 (PST)
2013,Nissan,Rogue,automatic,red,black,15800,Thu Dec 18 2014 12:00:00 GMT-0800 (PST)
2013,Nissan,Sentra,automatic,red,black,10900,Wed Dec 17 2014 12:30:00 GMT-0800 (PST)
2013,Toyota,Yaris,automatic,gray,black,9900,Wed Dec 31 2014 12:30:00 GMT-0800 (PST)
2013,Nissan,Rogue,automatic,white,black,18250,Tue Dec 16 2014 12:30:00 GMT-0800 (PST)
2013,Nissan,Sentra,automatic,gray,black,12000,Tue Dec 16 2014 12:30:00 GMT-0800 (PST)
2013,Porsche,Panamera,automatic,black,black,59750,Thu Dec 18 2014 12:30:00 GMT-0800 (PST)
2013,Volkswagen,Beetle,automatic,gray,black,27100,Wed Jan 07 2015 12:30:00 GMT-0800 (PST)
2013,Volkswagen,Passat,automatic,silver,black,13400,Tue Dec 16 2014 12:30:00 GMT-0800 (PST)
2013,Toyota,Corolla,automatic,gray,gray,12400,Tue Dec 23 2014 00:00:00 GMT-0800 (PST)
2013,Nissan,Frontier,automatic,white,gray,9000,Thu Jan 15 2015 04:00:00 GMT-0800 (PST)
2013,Volkswagen,Beetle,automatic,gray,black,11600,Tue Dec 16 2014 12:30:00 GMT-0800 (PST)
2013,Nissan,Sentra,automatic,white,beige,10500,Fri Dec 26 2014 15:00:00 GMT-0800 (PST)
2013,Toyota,Venza,automatic,white,beige,17100,Wed Dec 17 2014 12:30:00 GMT-0800 (PST)
2013,Volkswagen,CC,automatic,black,black,13100,Tue Dec 16 2014 12:00:00 GMT-0800 (PST)
2013,Toyota,Prius,automatic,white,black,14600,Thu Dec 18 2014 12:00:00 GMT-0800 (PST)
2013,Toyota,Venza,automatic,white,beige,17500,Tue Dec 23 2014 12:30:00 GMT-0800 (PST)
2013,Toyota,Highlander,automatic,white,black,28000,Tue Dec 30 2014 00:00:00 GMT-0800 (PST)
2013,Nissan,Altima,automatic,white,gray,17750,Tue Dec 16 2014 12:30:00 GMT-0800 (PST)
2013,Nissan,Versa,automatic,gray,black,11000,Thu Dec 18 2014 12:00:00 GMT-0800 (PST)
2013,Toyota,Avalon,automatic,silver,black,15500,Wed Dec 17 2014 15:05:00 GMT-0800 (PST)
2013,Volkswagen,Jetta,automatic,black,black,11700,Wed Dec 31 2014 12:30:00 GMT-0800 (PST)
2013,Subaru,Impreza,automatic,silver,black,18500,Wed Dec 17 2014 12:45:00 GMT-0800 (PST)
2013,Nissan,Altima,automatic,silver,black,16250,Tue Dec 16 2014 12:30:00 GMT-0800 (PST)
2013,Volkswagen,Passat,automatic,gray,black,13300,Thu Dec 18 2014 11:30:00 GMT-0800 (PST)
2013,Toyota,Tacoma,automatic,white,gray,27000,Wed Dec 17 2014 12:15:00 GMT-0800 (PST)
2013,Nissan,Xterra,automatic,white,gray,18000,Tue Dec 16 2014 12:30:00 GMT-0800 (PST)
2013,Subaru,Impreza WRX,manual,blue,black,29000,Thu Dec 18 2014 12:30:00 GMT-0800 (PST)
2013,Nissan,Cube,automatic,silver,black,12300,Thu Dec 18 2014 12:00:00 GMT-0800 (PST)
2013,Toyota,Sienna,automatic,burgundy,beige,16600,Wed Dec 17 2014 12:30:00 GMT-0800 (PST)
2013,Nissan,Maxima,automatic,gray,black,1000,Tue Jan 13 2015 13:00:00 GMT-0800 (PST)
2013,Toyota,Camry,automatic,beige,beige,14900,Tue Dec 23 2014 00:00:00 GMT-0800 (PST)
2013,Nissan,Versa,manual,gray,black,9500,Thu Dec 18 2014 12:00:00 GMT-0800 (PST)
2013,Nissan,Versa,automatic,gray,black,4000,Tue Dec 23 2014 13:00:00 GMT-0800 (PST)
2013,Porsche,Panamera,automatic,white,beige,58000,Thu Dec 18 2014 12:00:00 GMT-0800 (PST)
2013,Nissan,Sentra,automatic,white,black,10300,Thu Dec 18 2014 12:00:00 GMT-0800 (PST)
2013,Toyota,Camry,automatic,black,black,15700,Thu Dec 18 2014 12:00:00 GMT-0800 (PST)
2013,Scion,FR-S,manual,gray,black,18700,Wed Dec 17 2014 12:30:00 GMT-0800 (PST)
2013,Nissan,Sentra,automatic,black,black,11400,Tue Dec 16 2014 12:30:00 GMT-0800 (PST)
2013,Nissan,Altima,automatic,white,black,15250,Wed Dec 17 2014 12:30:00 GMT-0800 (PST)
2013,Volkswagen,Passat,automatic,gray,black,20200,Wed Dec 17 2014 12:30:00 GMT-0800 (PST)
2013,Nissan,Sentra,automatic,white,black,10600,Wed Dec 17 2014 12:30:00 GMT-0800 (PST)
2013,Nissan,Murano,automatic,gray,black,16700,Wed Dec 17 2014 12:30:00 GMT-0800 (PST)
2013,Nissan,Sentra,automatic,gray,black,10600,Thu Dec 18 2014 12:00:00 GMT-0800 (PST)
2013,Nissan,Murano,automatic,white,beige,20500,Wed Dec 17 2014 12:30:00 GMT-0800 (PST)
2013,Porsche,Boxster,automatic,black,black,39500,Tue Dec 30 2014 12:00:00 GMT-0800 (PST)
2013,Toyota,Corolla,automatic,gray,gray,4000,Tue Dec 16 2014 13:00:00 GMT-0800 (PST)
2013,Toyota,Camry Hybrid,automatic,gray,gray,17750,Tue Dec 16 2014 12:00:00 GMT-0800 (PST)
2013,Toyota,Yaris,automatic,silver,black,7300,Tue Dec 23 2014 12:00:00 GMT-0800 (PST)
2013,Toyota,Corolla,automatic,gray,gray,11500,Tue Dec 23 2014 12:30:00 GMT-0800 (PST)
2013,Toyota,Corolla,automatic,white,gray,11500,Tue Dec 23 2014 12:30:00 GMT-0800 (PST)
2013,Nissan,Sentra,automatic,silver,black,10900,Wed Dec 17 2014 12:30:00 GMT-0800 (PST)
2013,Toyota,Tacoma,automatic,silver,gray,26750,Wed Jan 07 2015 12:15:00 GMT-0800 (PST)
2013,Nissan,Versa,automatic,gray,black,10200,Thu Dec 18 2014 11:30:00 GMT-0800 (PST)
2013,Nissan,Sentra,automatic,silver,black,10800,Thu Dec 18 2014 12:00:00 GMT-0800 (PST)
2013,Toyota,Prius,automatic,black,gray,15800,Tue Dec 23 2014 12:30:00 GMT-0800 (PST)
2013,Toyota,Tacoma,automatic,brown,gray,21000,Thu Dec 18 2014 12:00:00 GMT-0800 (PST)
2013,Toyota,Sienna,automatic,white,gray,20400,Thu Dec 18 2014 11:30:00 GMT-0800 (PST)
2013,Volkswagen,Beetle,automatic,white,black,11900,Thu Dec 18 2014 11:30:00 GMT-0800 (PST)
2013,Toyota,Corolla,automatic,silver,gray,8200,Tue Dec 16 2014 13:00:00 GMT-0800 (PST)
2013,Nissan,Sentra,automatic,black,black,10700,Wed Dec 17 2014 12:30:00 GMT-0800 (PST)
2013,Nissan,Rogue,automatic,white,gray,14900,Thu Dec 18 2014 11:30:00 GMT-0800 (PST)
2013,Volvo,S60,automatic,white,black,19000,Thu Dec 18 2014 12:30:00 GMT-0800 (PST)
2013,Nissan,Versa,automatic,silver,black,9200,Wed Dec 17 2014 12:15:00 GMT-0800 (PST)
2013,Nissan,Murano,automatic,white,beige,18900,Wed Dec 17 2014 12:30:00 GMT-0800 (PST)
2013,Nissan,Pathfinder,automatic,white,black,22500,Tue Dec 16 2014 12:30:00 GMT-0800 (PST)
2013,Volkswagen,Passat,automatic,silver,black,12000,Thu Jan 22 2015 03:30:00 GMT-0800 (PST)
2013,Nissan,Murano,automatic,gray,black,25250,Wed Dec 17 2014 12:30:00 GMT-0800 (PST)
2013,Toyota,Camry,automatic,silver,black,11200,Tue Dec 16 2014 13:00:00 GMT-0800 (PST)
2013,Nissan,Maxima,automatic,white,tan,20000,Tue Dec 16 2014 12:30:00 GMT-0800 (PST)
